{"cameraMode":{"drawMode":0,"name":"Shaded","section":"Shading Mode"},"sceneLighting":true,"audioPlay":false,"sceneViewState":{"showFog":true,"showMaterialUpdate":false,"showSkybox":true,"showFlares":true,"showImageEffects":true,"showParticleSystems":true},"in2DMode":false,"pivot":{"x":-80.82350158691406,"y":-22.311304092407228,"z":-110.9408187866211},"rotation":{"x":-0.025143759325146676,"y":0.9494783878326416,"z":-0.07880255579948425,"w":-0.3027804493904114},"size":72.50495147705078,"orthographic":false}